{"polyfill":["/polyfill-6439abf2fe925b7fab74.js"],"app":["/app-088b2c99d7cedb27cf8c.js"],"component---src-pages-404-js":["/component---src-pages-404-js-e500b8965267decbb3e0.js"],"component---src-pages-about-js":["/component---src-pages-about-js-b290c1a192640901ab04.js"],"component---src-pages-blog-js":["/component---src-pages-blog-js-0f13973d9f4071469a79.js"],"component---src-pages-contact-js":["/component---src-pages-contact-js-ed16603a9f72d78c7f1a.js"],"component---src-pages-education-js":["/component---src-pages-education-js-8c7bdb2bb92765594892.js"],"component---src-pages-index-js":["/component---src-pages-index-js-c672600b1a56fe5bed90.js"],"component---src-pages-projects-js":["/component---src-pages-projects-js-15bcbbaf15a680d5155f.js"],"component---src-templates-blog-template-js":["/component---src-templates-blog-template-js-5d00c8a0a6675027a6cb.js"]}