{"errors":[],"warnings":[],"namedChunkGroups":{"polyfill":{"chunks":[3,14],"assets":["webpack-runtime-0eb0abf6c839a5cd842d.js","webpack-runtime-0eb0abf6c839a5cd842d.js.map","polyfill-6439abf2fe925b7fab74.js","polyfill-6439abf2fe925b7fab74.js.map"],"children":{},"childAssets":{}},"app":{"chunks":[3,15,13,4],"assets":["webpack-runtime-0eb0abf6c839a5cd842d.js","webpack-runtime-0eb0abf6c839a5cd842d.js.map","styles.830b663d124f579685d4.css","styles-540f25bd5e5cb35d6f53.js","styles-540f25bd5e5cb35d6f53.js.map","framework-29ba174b433dc5858bed.js","framework-29ba174b433dc5858bed.js.map","app-088b2c99d7cedb27cf8c.js","app-088b2c99d7cedb27cf8c.js.map"],"children":{},"childAssets":{}},"component---src-pages-404-js":{"chunks":[0,1,5],"assets":["1bfc9850-0c510d6ab04b266b1606.js","1bfc9850-0c510d6ab04b266b1606.js.map","commons-4e73bf129f24b1a7f997.js","commons-4e73bf129f24b1a7f997.js.map","component---src-pages-404-js-e500b8965267decbb3e0.js","component---src-pages-404-js-e500b8965267decbb3e0.js.map"],"children":{},"childAssets":{}},"component---src-pages-about-js":{"chunks":[0,1,2,6],"assets":["1bfc9850-0c510d6ab04b266b1606.js","1bfc9850-0c510d6ab04b266b1606.js.map","commons-4e73bf129f24b1a7f997.js","commons-4e73bf129f24b1a7f997.js.map","59e8859c693fd029aa639a0659ca9b0a0d7ea2b1-7a93617abe77d5379e47.js","59e8859c693fd029aa639a0659ca9b0a0d7ea2b1-7a93617abe77d5379e47.js.map","component---src-pages-about-js-b290c1a192640901ab04.js","component---src-pages-about-js-b290c1a192640901ab04.js.map"],"children":{},"childAssets":{}},"component---src-pages-blog-js":{"chunks":[0,1,7],"assets":["1bfc9850-0c510d6ab04b266b1606.js","1bfc9850-0c510d6ab04b266b1606.js.map","commons-4e73bf129f24b1a7f997.js","commons-4e73bf129f24b1a7f997.js.map","component---src-pages-blog-js-0f13973d9f4071469a79.js","component---src-pages-blog-js-0f13973d9f4071469a79.js.map"],"children":{},"childAssets":{}},"component---src-pages-contact-js":{"chunks":[0,1,8],"assets":["1bfc9850-0c510d6ab04b266b1606.js","1bfc9850-0c510d6ab04b266b1606.js.map","commons-4e73bf129f24b1a7f997.js","commons-4e73bf129f24b1a7f997.js.map","component---src-pages-contact-js-ed16603a9f72d78c7f1a.js","component---src-pages-contact-js-ed16603a9f72d78c7f1a.js.map"],"children":{},"childAssets":{}},"component---src-pages-education-js":{"chunks":[0,1,9],"assets":["1bfc9850-0c510d6ab04b266b1606.js","1bfc9850-0c510d6ab04b266b1606.js.map","commons-4e73bf129f24b1a7f997.js","commons-4e73bf129f24b1a7f997.js.map","component---src-pages-education-js-8c7bdb2bb92765594892.js","component---src-pages-education-js-8c7bdb2bb92765594892.js.map"],"children":{},"childAssets":{}},"component---src-pages-index-js":{"chunks":[0,1,2,10],"assets":["1bfc9850-0c510d6ab04b266b1606.js","1bfc9850-0c510d6ab04b266b1606.js.map","commons-4e73bf129f24b1a7f997.js","commons-4e73bf129f24b1a7f997.js.map","59e8859c693fd029aa639a0659ca9b0a0d7ea2b1-7a93617abe77d5379e47.js","59e8859c693fd029aa639a0659ca9b0a0d7ea2b1-7a93617abe77d5379e47.js.map","component---src-pages-index-js-c672600b1a56fe5bed90.js","component---src-pages-index-js-c672600b1a56fe5bed90.js.map"],"children":{},"childAssets":{}},"component---src-pages-projects-js":{"chunks":[0,1,11],"assets":["1bfc9850-0c510d6ab04b266b1606.js","1bfc9850-0c510d6ab04b266b1606.js.map","commons-4e73bf129f24b1a7f997.js","commons-4e73bf129f24b1a7f997.js.map","component---src-pages-projects-js-15bcbbaf15a680d5155f.js","component---src-pages-projects-js-15bcbbaf15a680d5155f.js.map"],"children":{},"childAssets":{}},"component---src-templates-blog-template-js":{"chunks":[0,1,2,12],"assets":["1bfc9850-0c510d6ab04b266b1606.js","1bfc9850-0c510d6ab04b266b1606.js.map","commons-4e73bf129f24b1a7f997.js","commons-4e73bf129f24b1a7f997.js.map","59e8859c693fd029aa639a0659ca9b0a0d7ea2b1-7a93617abe77d5379e47.js","59e8859c693fd029aa639a0659ca9b0a0d7ea2b1-7a93617abe77d5379e47.js.map","component---src-templates-blog-template-js-5d00c8a0a6675027a6cb.js","component---src-templates-blog-template-js-5d00c8a0a6675027a6cb.js.map"],"children":{},"childAssets":{}}},"assetsByChunkName":{"polyfill":["webpack-runtime-0eb0abf6c839a5cd842d.js","polyfill-6439abf2fe925b7fab74.js"],"app":["webpack-runtime-0eb0abf6c839a5cd842d.js","styles.830b663d124f579685d4.css","styles-540f25bd5e5cb35d6f53.js","framework-29ba174b433dc5858bed.js","app-088b2c99d7cedb27cf8c.js"],"component---src-pages-404-js":["1bfc9850-0c510d6ab04b266b1606.js","commons-4e73bf129f24b1a7f997.js","component---src-pages-404-js-e500b8965267decbb3e0.js"],"component---src-pages-about-js":["1bfc9850-0c510d6ab04b266b1606.js","commons-4e73bf129f24b1a7f997.js","59e8859c693fd029aa639a0659ca9b0a0d7ea2b1-7a93617abe77d5379e47.js","component---src-pages-about-js-b290c1a192640901ab04.js"],"component---src-pages-blog-js":["1bfc9850-0c510d6ab04b266b1606.js","commons-4e73bf129f24b1a7f997.js","component---src-pages-blog-js-0f13973d9f4071469a79.js"],"component---src-pages-contact-js":["1bfc9850-0c510d6ab04b266b1606.js","commons-4e73bf129f24b1a7f997.js","component---src-pages-contact-js-ed16603a9f72d78c7f1a.js"],"component---src-pages-education-js":["1bfc9850-0c510d6ab04b266b1606.js","commons-4e73bf129f24b1a7f997.js","component---src-pages-education-js-8c7bdb2bb92765594892.js"],"component---src-pages-index-js":["1bfc9850-0c510d6ab04b266b1606.js","commons-4e73bf129f24b1a7f997.js","59e8859c693fd029aa639a0659ca9b0a0d7ea2b1-7a93617abe77d5379e47.js","component---src-pages-index-js-c672600b1a56fe5bed90.js"],"component---src-pages-projects-js":["1bfc9850-0c510d6ab04b266b1606.js","commons-4e73bf129f24b1a7f997.js","component---src-pages-projects-js-15bcbbaf15a680d5155f.js"],"component---src-templates-blog-template-js":["1bfc9850-0c510d6ab04b266b1606.js","commons-4e73bf129f24b1a7f997.js","59e8859c693fd029aa639a0659ca9b0a0d7ea2b1-7a93617abe77d5379e47.js","component---src-templates-blog-template-js-5d00c8a0a6675027a6cb.js"]}}